who are you,I am a ChatBot.
Hello,Hello World!
what is a student handbook ?,"A student handbook is a comprehensive guide that provides information about the policies, procedures, rules, and resources of an educational institution."
Hello,Hello World!
hello,Hello World!
Hello,Hello World!
hi,There are some things I just don't know about yet.
hello,Hello World!
hiiii,Can you try rephrasing that please?
hello,Hello World!
Hello,Hello World!
Can the student handbook change?,"Yes, the student handbook can change over time to reflect updated policies, procedures, or changes in the institution. It's important to refer to the latest version."
Are there guidelines on student conduct in online or virtual learning environments?,"Yes, with the increasing prevalence of online learning, many student handbooks now include specific guidelines and expectations for behavior in virtual classrooms, online discussions, and remote assessments."
Are there guidelines on academic dress code or professional attire in the student handbook?,"Yes, the student handbook may include guidelines on appropriate academic dress code, professional attire for specific events or programs, and expectations for maintaining a professional appearance on campus."
thank you,I could not tell you.
thank you,"You're welcome! I'm glad I could help. If you have any more questions, feel free to ask."
Can I find information about student clubs and organizations in the student handbook?,"Yes, the student handbook may provide details about transportation services, parking regulations, parking permits, and guidelines for commuting to and from campus."
Can I find information about student clubs and organizations in the student handbook?,"Yes, the student handbook often includes details about different student clubs, organizations, and extracurricular activities available on campus."
Can I use the student handbook to understand the university's policies on student grievances or complaints?,"
Yes, the student handbook may outline the process for lodging grievances or complaints, including the steps to follow and the appropriate channels to address concerns."
"Can I find information about the university's policies on withdrawal, leave of absence, or transfer in the student handbook?","Yes, the student handbook may contain information on the process and requirements for withdrawing from the university, taking a leave of absence, or transferring to another institution."
thank you,"You're welcome! I'm glad I could help. If you have any more questions, feel free to ask."
Hello,Hello World!
hello,Hello World!
Why is a student handbook important?,"A student handbook serves as a reference for students, helping them understand the expectations, rights, and responsibilities within the institution."
Hello,Hello World!
Hello,Hello World!
Hello,Hello World!
Hello,Hello World!
Hello,Hello World!
Hello,Hello World!
Hello,Hello World!
Hello,Hello World!
Hello,Hello World!
Hello,Hello World!
Hello,Hello World!
Hello,Hello World!
Hello,Hello World!
Hello,Hello World!
Hello,Hello World!
Hello,Hello World!
Hello,Hello World!
Hello,Hello World!
Hello,Hello World!
Hello,Hello World!
Hello,Hello World!
Hello,Hello World!
Hello,Hello World!
Hello,Hello World!
hi,I don't have a response for that.
Hello,Hello World!
Hello,Hello World!
Hello,Hello World!
Hello,Hello World!
Hello,Hello World!
Hello,Hello World!
Hello,Hello World!
Hello,Hello World!
Hello,Hello World!
Hello,Hello World!
Hello,Hello World!
Hello,Hello World!
dsasd,I'll need to take some time to think on that.
Hello,Hello World!
asdasd,I will have to give that some thought.
Hello,Hello World!
Hello,Hello World!
Hello,Hello World!
dasdasd,I don't know.
Hello,Hello World!
Hello,Hello World!
sdasd,I could not tell you.
dasdas,There are some things I just don't know about yet.
            overflow-y: auto;sdas,I will have to give that some thought.
dasd,I will have to give that some thought.
Hello,Hello World!
Hello,Hello World!
Hello,Hello World!
Hello,Hello World!
Hello,Hello World!
Hello,Hello World!
Hello,Hello World!
Hello,Hello World!
Hello,Hello World!
Hello,Hello World!
Hello,Hello World!
Hello,Hello World!
Hello,Hello World!
Hello,Hello World!
Hello,Hello World!
Hello,Hello World!
dasd,I could not tell you.
what is a student handbook?,"A student handbook is a comprehensive guide that provides information about the policies, procedures, rules, and resources of an educational institution."
Hello,Hello World!
Hello,Hello World!
Hello,Hello World!
Hello,Hello World!
Hello,Hello World!
dada,I'm not sure about that.
Hello,Hello World!
asa,I don't really know what you are asking.
Hello,Hello World!
asa,Is there a different way you can ask that?
Hello,Hello World!
Hello,Hello World!
Hello,Hello World!
Hello,Hello World!
Hello,Hello World!
Hello,Hello World!
Hello,Hello World!
Hello,Hello World!
Hello,Hello World!
Hello,Hello World!
Hello,Hello World!
Hello,Hello World!
Hello,Hello World!
Hello,Hello World!
Hello,Hello World!
Hello,Hello World!
Hello,Hello World!
Hello,Hello World!
Hello,Hello World!
Hello,Hello World!
Hello,Hello World!
Hello,Hello World!
dasd,I don't know.
Hello,Hello World!
Hello,Hello World!
Hello,Hello World!
Hello,Hello World!
Hello,Hello World!
Hello,Hello World!
Hello,Hello World!
Hello,Hello World!
Hello,Hello World!
Hello,Hello World!
Hello,Hello World!
Hello,Hello World!
Hello,Hello World!
Hello,Hello World!
Hello,Hello World!
Hello,Hello World!
Hello,Hello World!
Hello,Hello World!
Hello,Hello World!
Hello,Hello World!
Hello,Hello World!
Hello,Hello World!
Hello,Hello World!
Hello,Hello World!
Hello,Hello World!
Hello,Hello World!
Hello,Hello World!
sdad,There are some things I just don't know about yet.
Hello,Hello World!
Hello,Hello World!
Hello,Hello World!
Hello,Hello World!
Hello,Hello World!
Hello,Hello World!
Hello,Hello World!
Hello,Hello World!
Hello,Hello World!
Hello,Hello World!
Hello,Hello World!
Hello,Hello World!
Hello,Hello World!
dsaas,I'm not an expert on that.
Hello,Hello World!
Hello,Hello World!
Hello,Hello World!
Hello,Hello World!
Hello,Hello World!
Hello,Hello World!
Hello,Hello World!
Hello,Hello World!
Hello,Hello World!
Hello,Hello World!
what is a student handbook,"A student handbook is a comprehensive guide that provides information about the policies, procedures, rules, and resources of an educational institution."
Hello,Hello World!
Hello,Hello World!
what is the student handbook?,"A student handbook serves as a reference for students, helping them understand the expectations, rights, and responsibilities within the institution."
Hello,Hello World!
Hello,Hello World!
Hello,Hello World!
Hello,Hello World!
Hello,Hello World!
Hello,Hello World!
Hello,Hello World!
Hello,Hello World!
Hello,Hello World!
Hello,Hello World!
Hello,Hello World!
Hello,Hello World!
Hello,Hello World!
hi,There are some things I just don't know about yet.
what is a student handbook?,"A student handbook is a comprehensive guide that provides information about the policies, procedures, rules, and resources of an educational institution."
Hello,Hello World!
what is a student handbook?,"A student handbook is a comprehensive guide that provides information about the policies, procedures, rules, and resources of an educational institution."
Hello,Hello World!
Hello,Hello World!
hi,Can you try rephrasing that please?
what is the student handbook ?,"A student handbook is a comprehensive guide that provides information about the policies, procedures, rules, and resources of an educational institution."
Hello,Hello World!
Hello,Hello World!
what is a student handbook?,"A student handbook is a comprehensive guide that provides information about the policies, procedures, rules, and resources of an educational institution."
Can the student handbook help me understand my rights as a student?,"Yes, the student handbook often includes sections explaining students' rights, such as freedom of speech, assembly, and due process."
Hello,Hello World!
Hello,Hello World!
what is a student handbook ?,"A student handbook is a comprehensive guide that provides information about the policies, procedures, rules, and resources of an educational institution."
Can I find information about financial assistance and scholarships in the student handbook?,"Yes, the student handbook may provide details about available financial assistance programs, scholarships, eligibility criteria, and application procedures."
can i find information about financial assistance,"Yes, the student handbook may provide details about available financial assistance programs, scholarships, eligibility criteria, and application procedures."
Hello,Hello World!
lspu vision,I'm not sure about that.
Hello,Hello World!
lspu vision,I don't know.
what is student handbook,"A student handbook is a comprehensive guide that provides information about the policies, procedures, rules, and resources of an educational institution."
lspu vision,I'm not sure about that.
LSPU VISION,"The LSPU is a steward of resources through its appropriate, efficient, and effective management and utilization, allowing for impactful and sustainable services in terms of instruction, research, extension, and production that enable communities to attain self-sufficiency.
"
Lspu Vision,I'll need to take some time to think on that.
who are you,I am a ChatBot.
sino ka ?,I don't have a response for that.
VISION,"The LSPU is a steward of resources through its appropriate, efficient, and effective management and utilization, allowing for impactful and sustainable services in terms of instruction, research, extension, and production that enable communities to attain self-sufficiency.
"
LSPU,I don't know.
vISION,I could not tell you.
Hello,Hello World!
Hello,Hello World!
LSPU,I don't have a response for that.
LSPU VISION,"The LSPU is a steward of resources through its appropriate, efficient, and effective management and utilization, allowing for impactful and sustainable services in terms of instruction, research, extension, and production that enable communities to attain self-sufficiency.
"
VISION,"The LSPU is a steward of resources through its appropriate, efficient, and effective management and utilization, allowing for impactful and sustainable services in terms of instruction, research, extension, and production that enable communities to attain self-sufficiency.
"
Hello,Hello World!
Hello,Hello World!
Hello,Hello World!
Hello,Hello World!
Hello,Hello World!
How can i help you?,I could not tell you.
How can i help you?,I don't really know what you are asking.
How can i help you?,I'm not sure about that.
How can i help you?,I don't really know what you are asking.
How can i help you?,There are some things I just don't know about yet.
asdasd,I don't have a response for that.
How can i help you?,Is there a different way you can ask that?
How can i help you?,Is there a different way you can ask that?
How can i help you?,There are some things I just don't know about yet.
How can i help you?,I don't know.
How can i help you?,I'm not an expert on that.
How can i help you?,I could not tell you.
How can i help you?,I will have to give that some thought.
How can i help you?,I'll need to take some time to think on that.
How can i help you?,I'm not an expert on that.
How can i help you?,I don't know.
How can i help you?,I will have to give that some thought.
hello,Hello World!
How can i help you?,I'm not sure about that.
How can i help you?,There are some things I just don't know about yet.
How can i help you?,There are some things I just don't know about yet.
How can i help you?,Is there a different way you can ask that?
How can i help you?,I don't have a response for that.
How can i help you?,I don't really know what you are asking.
How can i help you?,There are some things I just don't know about yet.
How can i help you?,There are some things I just don't know about yet.
How can i help you?,I don't have a response for that.
How can i help you?,There are some things I just don't know about yet.
How can i help you?,I could not tell you.
How can i help you?,I don't know.
How can i help you?,I could not tell you.
How can i help you?,I'm not an expert on that.
How can i help you?,Is there a different way you can ask that?
How can i help you?,I could not tell you.
How can i help you?,I don't really know what you are asking.
How can i help you?,Can you try rephrasing that please?
How can i help you?,I'm not an expert on that.
How can i help you?,I'm not sure about that.
How can i help you?,I will have to give that some thought.
How can i help you?,I'm not sure about that.
How can i help you?,I will have to give that some thought.
How can i help you?,I'm not sure about that.
How can i help you?,I don't have a response for that.
How can i help you?,I'm not sure about that.
How can i help you?,I will have to give that some thought.
How can i help you?,Can you try rephrasing that please?
How can i help you?,I don't know.
How can i help you?,There are some things I just don't know about yet.
How can i help you?,I could not tell you.
How can i help you?,I'm not an expert on that.
hello,Hello World!
hello,Hello World!
hello,Hello World!
hello,Hello World!
hello,Hello World!
hello,Hello World!
hello,Hello World!
hello,Hello World!
hello,Hello World!
hello,Hello World!
hello,Hello World!
hello,Hello World!
hello,Hello World!
hello,Hello World!
hello,Hello World!
hello,Hello World!
hello,Hello World!
hi,I could not tell you.
hello,Hello World!
what is a student handbook?,"A student handbook is a comprehensive guide that provides information about the policies, procedures, rules, and resources of an educational institution."
hello,Hello World!
hello,Hello World!
hello,Hello World!
hello,Hello World!
VISION,"The LSPU is a steward of resources through its appropriate, efficient, and effective management and utilization, allowing for impactful and sustainable services in terms of instruction, research, extension, and production that enable communities to attain self-sufficiency.
"
hello,Hello World!
hello,Hello World!
hello,Hello World!
hello,Hello World!
hello,Hello World!
hello,Hello World!
hello,Hello World!
hello,Hello World!
hello,Hello World!
hello,Hello World!
hello,Hello World!
hello,Hello World!
hello,Hello World!
hello,Hello World!
hi,I could not tell you.
hello,Hello World!
Hi,Hello World!
hello,Hello World!
hello,Hello World!
hello,Hello World!
hello,Hello World!
hello,Hello World!
hello,Hello World!
hello,Hello World!
hello,Hello World!
hello,Hello World!
hello,Hello World!
hello,Hello World!
hello,Hello World!
hello,Hello World!
hello,Hello World!
hello,Hello World!
hello,Hello World!
hello,Hello World!
hello,Hello World!
hello,Hello World!
hello,Hello World!
hello,Hello World!
hello,Hello World!
hello,Hello World!
hello,Hello World!
hello,Hello World!
hello,Hello World!
hello,Hello World!
hello,Hello World!
hello,Hello World!
hello,Hello World!
hello,Hello World!
hello,Hello World!
hello,Hello World!
hello,Hello World!
hello,Hello World!
hello,Hello World!
hello,Hello World!
hello,Hello World!
hello,Hello World!
LSPU,Can you try rephrasing that please?
hello,Hello World!
hello,Hello World!
hi,I don't have a response for that.
hello,Hello World!
hello,Hello World!
hello,Hello World!
hello,Hello World!
sige,I'll need to take some time to think on that.
sige,I could not tell you.
sige,I don't have a response for that.
sige,I don't really know what you are asking.
sige,I'm not sure about that.
sige,Can you try rephrasing that please?
sige,I'm not sure about that.
sige,I'm not sure about that.
sige,I will have to give that some thought.
sige,I don't have a response for that.
sige,I'm not sure about that.
sige,I'm not an expert on that.
sige,I could not tell you.
sige,I don't have a response for that.
sige,I will have to give that some thought.
sige,I'm not an expert on that.
sige,I will have to give that some thought.
sige,Is there a different way you can ask that?
hello,Hello World!
sige,I'm not an expert on that.
hello,Hello World!
sige,There are some things I just don't know about yet.
sige,I'm not an expert on that.
sige,I'm not sure about that.
sige,I'm not sure about that.
hello,Hello World!
sige,I could not tell you.
sige,There are some things I just don't know about yet.
hello,Hello World!
sige,I'll need to take some time to think on that.
VISION,"The LSPU is a steward of resources through its appropriate, efficient, and effective management and utilization, allowing for impactful and sustainable services in terms of instruction, research, extension, and production that enable communities to attain self-sufficiency.
"
sige,I could not tell you.
sige,I will have to give that some thought.
VISION,"The LSPU is a steward of resources through its appropriate, efficient, and effective management and utilization, allowing for impactful and sustainable services in terms of instruction, research, extension, and production that enable communities to attain self-sufficiency.
"
sige,I could not tell you.
sige,I could not tell you.
sige,I'll need to take some time to think on that.
VISION,"The LSPU is a steward of resources through its appropriate, efficient, and effective management and utilization, allowing for impactful and sustainable services in terms of instruction, research, extension, and production that enable communities to attain self-sufficiency.
"
sige,Can you try rephrasing that please?
sige,I don't really know what you are asking.
vision,I will have to give that some thought.
VISION,"The LSPU is a steward of resources through its appropriate, efficient, and effective management and utilization, allowing for impactful and sustainable services in terms of instruction, research, extension, and production that enable communities to attain self-sufficiency.
"
sige,I don't know.
VISION,"The LSPU is a steward of resources through its appropriate, efficient, and effective management and utilization, allowing for impactful and sustainable services in terms of instruction, research, extension, and production that enable communities to attain self-sufficiency.
"
sige,I'll need to take some time to think on that.
sige,I'm not an expert on that.
VISION,"The LSPU is a steward of resources through its appropriate, efficient, and effective management and utilization, allowing for impactful and sustainable services in terms of instruction, research, extension, and production that enable communities to attain self-sufficiency.
"
sige,I'm not an expert on that.
sige,There are some things I just don't know about yet.
VISION,"The LSPU is a steward of resources through its appropriate, efficient, and effective management and utilization, allowing for impactful and sustainable services in terms of instruction, research, extension, and production that enable communities to attain self-sufficiency.
"
sige,Can you try rephrasing that please?
sige,I don't know.
sige,I don't have a response for that.
heelo,I don't have a response for that.
sige,I'm not sure about that.
sige,I don't know.
sige,I don't really know what you are asking.
sige,What can i do for you?
What is the purpose of the Mandatory Drug Testing Program for LSPU students?,"The primary purpose of the Mandatory Drug Testing Program for LSPU students is to prevent drug use and abuse within the university community. By conducting mandatory drug tests, the program aims to create a safe and drug-free environment that promotes the overall well-being and academic success of the students. It also supports the government's efforts in fighting against illegal drug use and its detrimental effects on individuals and society."
What is the procedure for local OJT/internship?,"The procedure for local OJT/internship includes the following steps:

7.1. The OJT/SIPP Coordinator prepares an endorsement letter to the agency/institution, endorsing the students for OJT/internship. The letter is signed by the Dean and submitted to the company one (1) month before the start of the semester. Confirmation of acceptance is sought from the respective agency.

7.2. Only officially enrolled students who meet the requirements and evaluation of their grades or academic standing during enrollment are allowed to undergo OJT/internship.

7.3. The student submits a medical certificate as required by the company.

7.4. The OJT/SIPP Coordinator conducts an in-house orientation, providing information on the policies and procedures for conducting the OJT. Relevant forms and documents are distributed during this orientation.

7.5. The OJT/SIPP Coordinator endorses the students to the Dean and VPAA for approval. After approval, the coordinator packages the necessary documents, such as the Training Needs Form, request letter for the conduct of OJT, Memorandum of Agreement, among others, for submission and endorsement to the institution/agency.

7.6. The OJT/SIPP Coordinator conducts regular monitoring of the OJT students or interns.

7.7. Assessment and evaluation of the OJT is done by requiring the student to submit pertinent documents such as a daily time record, evaluation form, certificate of completion, among others.

7.8. A presentation of the Narrative Report may be conducted. After revision based on the comments/suggestions of the panel, a soft-bound copy is submitted to the OJT/SIPP Coordinator."
thank you,"You're welcome! If you have any more questions, feel free to ask. I'm here to help!"
sige,What can i do for you?
What is the procedure for local OJT/internship?,"The procedure for local OJT/internship includes the following steps:

7.1. The OJT/SIPP Coordinator prepares an endorsement letter to the agency/institution, endorsing the students for OJT/internship. The letter is signed by the Dean and submitted to the company one (1) month before the start of the semester. Confirmation of acceptance is sought from the respective agency.

7.2. Only officially enrolled students who meet the requirements and evaluation of their grades or academic standing during enrollment are allowed to undergo OJT/internship.

7.3. The student submits a medical certificate as required by the company.

7.4. The OJT/SIPP Coordinator conducts an in-house orientation, providing information on the policies and procedures for conducting the OJT. Relevant forms and documents are distributed during this orientation.

7.5. The OJT/SIPP Coordinator endorses the students to the Dean and VPAA for approval. After approval, the coordinator packages the necessary documents, such as the Training Needs Form, request letter for the conduct of OJT, Memorandum of Agreement, among others, for submission and endorsement to the institution/agency.

7.6. The OJT/SIPP Coordinator conducts regular monitoring of the OJT students or interns.

7.7. Assessment and evaluation of the OJT is done by requiring the student to submit pertinent documents such as a daily time record, evaluation form, certificate of completion, among others.

7.8. A presentation of the Narrative Report may be conducted. After revision based on the comments/suggestions of the panel, a soft-bound copy is submitted to the OJT/SIPP Coordinator."
What is the procedure for local OJT/internship?,"The procedure for local OJT/internship includes the following steps:

7.1. The OJT/SIPP Coordinator prepares an endorsement letter to the agency/institution, endorsing the students for OJT/internship. The letter is signed by the Dean and submitted to the company one (1) month before the start of the semester. Confirmation of acceptance is sought from the respective agency.

7.2. Only officially enrolled students who meet the requirements and evaluation of their grades or academic standing during enrollment are allowed to undergo OJT/internship.

7.3. The student submits a medical certificate as required by the company.

7.4. The OJT/SIPP Coordinator conducts an in-house orientation, providing information on the policies and procedures for conducting the OJT. Relevant forms and documents are distributed during this orientation.

7.5. The OJT/SIPP Coordinator endorses the students to the Dean and VPAA for approval. After approval, the coordinator packages the necessary documents, such as the Training Needs Form, request letter for the conduct of OJT, Memorandum of Agreement, among others, for submission and endorsement to the institution/agency.

7.6. The OJT/SIPP Coordinator conducts regular monitoring of the OJT students or interns.

7.7. Assessment and evaluation of the OJT is done by requiring the student to submit pertinent documents such as a daily time record, evaluation form, certificate of completion, among others.

7.8. A presentation of the Narrative Report may be conducted. After revision based on the comments/suggestions of the panel, a soft-bound copy is submitted to the OJT/SIPP Coordinator."
sige,What can i do for you?
sige,What can i do for you?
sige,What can i do for you?
sige,What can i do for you?
sige,What can i do for you?
sige,What can i do for you?
jhello,I'm not an expert on that.
sige,What can i do for you?
sige,What can i do for you?
sige,What can i do for you?
sige,What can i do for you?
sige,What can i do for you?
sige,What can i do for you?
sige,What can i do for you?
sige,What can i do for you?
sige,What can i do for you?
sige,What can i do for you?
sige,What can i do for you?
sige,What can i do for you?
sige,What can i do for you?
sige,What can i do for you?
sige,What can i do for you?
sige,What can i do for you?
sige,What can i do for you?
sige,What can i do for you?
sige,What can i do for you?
sige,What can i do for you?
sige,What can i do for you?
sige,What can i do for you?
sige,What can i do for you?
sige,What can i do for you?
sige,What can i do for you?
sige,What can i do for you?
sige,What can i do for you?
sige,What can i do for you?
sige,What can i do for you?
sige,What can i do for you?
sige,What can i do for you?
sige,What can i do for you?
sige,What can i do for you?
sige,What can i do for you?
sige,What can i do for you?
sige,What can i do for you?
sige,What can i do for you?
sige,What can i do for you?
sige,What can i do for you?
sige,What can i do for you?
sige,What can i do for you?
sige,What can i do for you?
sige,What can i do for you?
sige,What can i do for you?
sige,What can i do for you?
sige,What can i do for you?
sige,What can i do for you?
sige,What can i do for you?
sige,What can i do for you?
sige,What can i do for you?
sige,What can i do for you?
sige,What can i do for you?
sige,What can i do for you?
sige,What can i do for you?
sige,What can i do for you?
sige,What can i do for you?
sige,What can i do for you?
sige,What can i do for you?
sige,What can i do for you?
sige,What can i do for you?
sige,What can i do for you?
sige,What can i do for you?
sige,What can i do for you?
sige,What can i do for you?
sige,What can i do for you?
sige,What can i do for you?
sige,What can i do for you?
hello,I could not tell you.
sige,What can i do for you?
sige,What can i do for you?
sige,What can i do for you?
sige,What can i do for you?
sige,What can i do for you?
sige,What can i do for you?
sige,What can i do for you?
sige,What can i do for you?
sige,What can i do for you?
sige,What can i do for you?
sige,What can i do for you?
sige,What can i do for you?
sige,What can i do for you?
sige,What can i do for you?
sige,What can i do for you?
sige,What can i do for you?
sige,What can i do for you?
sige,What can i do for you?
hi,There are some things I just don't know about yet.
sige,What can i do for you?
sige,What can i do for you?
